{"vertexFramework":{"corporate_response - Default":{"xml_s5_highlight":"2F71B3","xml_s5_h3_highlight":"yes","xml_s5_fonts_highlight":"Open Sans Condensed","xml_s5_facebook":"http:\/\/www.facebook.com","xml_s5_twitter":"http:\/\/www.twitter.com","xml_s5_google":"http:\/\/plus.google.com","xml_s5_rss":"","xml_s5_small_menu":"no","xml_s5_uppercase":"yes","xml_s5_font_resizer":"no","xml_s5_fonts":"Allerta","xml_s5_fixed_fluid":"%","xml_s5_body_width":"94","xml_s5_max_body_width":"1300","xml_s5_left_width":"240","xml_s5_left_inset_width":"200","xml_s5_right_width":"301","xml_s5_right_inset_width":"181","xml_s5_responsive":"enabled","xml_s5_responsive_ie":"disabled","xml_s5_responsive_tablet_hide":["#s5_right_inset_wrap"],"xml_s5_responsive_mobile_hide":["#s5_custom_1"],"xml_s5_responsive_column_increase":"enabled","xml_s5_responsive_columns_small_tablet":"reduce","xml_s5_responsive_center_single_column":"default","xml_s5_fonts_responsive_mobile_bar":"Oswald","xml_s5_responsive_mobile_bar_style":"light","xml_s5_responsive_mobile_bar_static":"disabled","xml_s5_responsive_mobile_bar_start":"272727","xml_s5_responsive_mobile_bar_stop":"0B0B0B","xml_s5_responsive_mobile_bar_font_color":"FFFFFF","xml_s5_responsive_mobile_bar_active_color":"468BD0","xml_s5_responsive_mobile_bar_shadow_opacity":"0.6","xml_s5_responsive_mobile_bar_menu":"enabled","s5_responsive_menu":"mainmenu","xml_s5_responsive_menu_end_level":"10","xml_s5_responsive_mobile_bar_active":"enabled","xml_s5_responsive_mobile_bar_search":"enabled","xml_s5_responsive_mobile_links":"enabled","xml_s5_responsive_desktop_text":"Desktop Version","xml_s5_responsive_mobile_text":"Mobile Version","xml_s5_show_menu":"show","s5_menu_type":"mainmenu","s5_maxdepth":"10","s5_duration":"1000","s5_hide_delay":"500","s5_opacity":"100","s5_orientation":"horizontal","s5_effect":"2","xml_s5_top_row1_calculation":"automatic","xml_s5_top_row1_manual_widths":"15,25,20,10,13,17","xml_s5_top_row2_calculation":"2","xml_s5_top_row2_manual_widths":"50,50,0,0,0,0","xml_s5_top_row3_calculation":"automatic","xml_s5_top_row3_manual_widths":"15,25,20,10,13,17","xml_s5_above_columns_calculation":"automatic","xml_s5_above_columns_manual_widths":"15,25,20,10,13,17","xml_s5_middle_top_calculation":"automatic","xml_s5_middle_top_manual_widths":"15,25,20,10,13,17","xml_s5_above_body_calculation":"automatic","xml_s5_above_body_manual_widths":"15,25,20,10,13,17","xml_s5_middle_bottom_calculation":"automatic","xml_s5_middle_bottom_manual_widths":"15,25,20,10,13,17","xml_s5_below_body_calculation":"automatic","xml_s5_below_body_manual_widths":"15,25,20,10,13,17","xml_s5_below_columns_calculation":"automatic","xml_s5_below_columns_manual_widths":"15,25,20,10,13,17","xml_s5_bottom_row1_calculation":"automatic","xml_s5_bottom_row1_manual_widths":"15,25,20,10,13,17","xml_s5_bottom_row2_calculation":"automatic","xml_s5_bottom_row2_manual_widths":"15,25,20,10,13,17","xml_s5_bottom_row3_calculation":"3","xml_s5_bottom_row3_manual_widths":"41,35,24,0,0,0","xml_s5_drop_down_calculation":"automatic","xml_s5_drop_down_manual_widths":"15,25,20,10,13,17","xml_s5_compress_js":"no","xml_s5_compress_css":"no","xml_s5_compress_cache":"900","xml_s5_thirdparty":"enabled","xml_s5_images_width":"","xml_s5_auto_height":"yes","xml_s5_max_width":"yes","xml_s5_seourl":"","xml_s5_additional_scripts1":"","xml_s5_additional_scripts2":"","xml_s5_ie6plugin":"yes","xml_s5_scrolltotop":"yes","xml_s5_login":"","xml_s5_loginout":"","xml_s5_register":"","xml_s5_login_url":"","xml_s5_register_url":"","xml_s5_multibox":"yes","xml_s5_multioverlay":"yes","xml_s5_multicontrols":"yes","xml_s5_multimaxheight":"400","xml_s5_multimaxwidth":"600","xml_s5_multimovieheight":"300","xml_s5_multimoviewidth":"400","xml_s5_multitooltips":"true","xml_s5_multirollover":"true","xml_s5_info_slide":"yes","xml_s5_lazyload":"all","xml_s5_tooltips":"no","xml_s5_resize_columns":"all","xml_s5_resize_columns_delay":"500","xml_s5_lr_tab_border":"838383","xml_s5_lr_tab_color":"FFFFFF","xml_s5_lr_tab_font":"323232","xml_s5_lr_tab1_text":"","xml_s5_lr_tab1_vp":"30","xml_s5_lr_tab1_height":"100","xml_s5_lr_tab1_class":"","xml_s5_lr_tab1_click":"","xml_s5_lr_tab1_left_right":"right","xml_s5_lr_tab2_text":"","xml_s5_lr_tab2_vp":"30","xml_s5_lr_tab2_height":"100","xml_s5_lr_tab2_class":"","xml_s5_lr_tab2_click":"","xml_s5_lr_tab2_left_right":"right","xml_s5_drop_down_overlay":"overlay","xml_s5_drop_down_width":"full","xml_s5_drop_down_button_open_text":"Open Panel","xml_s5_drop_down_button_close_text":"Close Panel","xml_s5_drop_down_button_width":"124","xml_s5_drop_down_button_height":"26","xml_s5_drop_down_button_text_color":"1E1E1E","xml_s5_drop_down_button_text_hover_color":"666666","xml_s5_drop_down_button_text_size":"9","xml_s5_drop_down_button_text_weight":"bold","xml_s5_drop_down_button_gradient_start":"FFFFFF","xml_s5_drop_down_button_gradient_stop":"E5E5E5","xml_s5_drop_down_button_border_size":"1","xml_s5_drop_down_button_border_color":"D8D8D8","xml_s5_drop_down_button_radius_size":"0","xml_s5_drop_down_button_shadow":"show","xml_s5_drop_down_button_shadow_size":"2","xml_s5_drop_down_button_shadow_opacity":"0.2","xml_s5_drop_down_button_position":"center","xml_s5_drop_down_background":"FFFFFF","xml_s5_drop_down_background_opacity":"0.95","xml_s5_drop_down_border_size":"1","xml_s5_drop_down_border_color":"D8D8D8","xml_s5_drop_down_shadow":"show","xml_s5_drop_down_shadow_size":"2","xml_s5_drop_down_shadow_opacity":"0.2"}}}